--
-- PostgreSQL database dump
--

-- Dumped from database version 15.3
-- Dumped by pg_dump version 15.3 (Homebrew)

SET statement_timeout = 0;
SET lock_timeout = 0;
SET idle_in_transaction_session_timeout = 0;
SET client_encoding = 'UTF8';
SET standard_conforming_strings = on;
SELECT pg_catalog.set_config('search_path', '', false);
SET check_function_bodies = false;
SET xmloption = content;
SET client_min_messages = warning;
SET row_security = off;

SET default_tablespace = '';

SET default_table_access_method = heap;

--
-- Name: auth_group; Type: TABLE; Schema: public; Owner: yoonlee
--

CREATE TABLE public.auth_group (
    id integer NOT NULL,
    name character varying(150) NOT NULL
);


ALTER TABLE public.auth_group OWNER TO yoonlee;

--
-- Name: auth_group_id_seq; Type: SEQUENCE; Schema: public; Owner: yoonlee
--

ALTER TABLE public.auth_group ALTER COLUMN id ADD GENERATED BY DEFAULT AS IDENTITY (
    SEQUENCE NAME public.auth_group_id_seq
    START WITH 1
    INCREMENT BY 1
    NO MINVALUE
    NO MAXVALUE
    CACHE 1
);


--
-- Name: auth_group_permissions; Type: TABLE; Schema: public; Owner: yoonlee
--

CREATE TABLE public.auth_group_permissions (
    id integer NOT NULL,
    group_id integer NOT NULL,
    permission_id integer NOT NULL
);


ALTER TABLE public.auth_group_permissions OWNER TO yoonlee;

--
-- Name: auth_group_permissions_id_seq; Type: SEQUENCE; Schema: public; Owner: yoonlee
--

ALTER TABLE public.auth_group_permissions ALTER COLUMN id ADD GENERATED BY DEFAULT AS IDENTITY (
    SEQUENCE NAME public.auth_group_permissions_id_seq
    START WITH 1
    INCREMENT BY 1
    NO MINVALUE
    NO MAXVALUE
    CACHE 1
);


--
-- Name: auth_permission; Type: TABLE; Schema: public; Owner: yoonlee
--

CREATE TABLE public.auth_permission (
    id integer NOT NULL,
    name character varying(255) NOT NULL,
    content_type_id integer NOT NULL,
    codename character varying(100) NOT NULL
);


ALTER TABLE public.auth_permission OWNER TO yoonlee;

--
-- Name: auth_permission_id_seq; Type: SEQUENCE; Schema: public; Owner: yoonlee
--

ALTER TABLE public.auth_permission ALTER COLUMN id ADD GENERATED BY DEFAULT AS IDENTITY (
    SEQUENCE NAME public.auth_permission_id_seq
    START WITH 1
    INCREMENT BY 1
    NO MINVALUE
    NO MAXVALUE
    CACHE 1
);


--
-- Name: auth_user; Type: TABLE; Schema: public; Owner: yoonlee
--

CREATE TABLE public.auth_user (
    id integer NOT NULL,
    password character varying(128) NOT NULL,
    last_login timestamp with time zone,
    is_superuser boolean NOT NULL,
    username character varying(150) NOT NULL,
    first_name character varying(150) NOT NULL,
    last_name character varying(150) NOT NULL,
    email character varying(254) NOT NULL,
    is_staff boolean NOT NULL,
    is_active boolean NOT NULL,
    date_joined timestamp with time zone NOT NULL
);


ALTER TABLE public.auth_user OWNER TO yoonlee;

--
-- Name: auth_user_groups; Type: TABLE; Schema: public; Owner: yoonlee
--

CREATE TABLE public.auth_user_groups (
    id integer NOT NULL,
    user_id integer NOT NULL,
    group_id integer NOT NULL
);


ALTER TABLE public.auth_user_groups OWNER TO yoonlee;

--
-- Name: auth_user_groups_id_seq; Type: SEQUENCE; Schema: public; Owner: yoonlee
--

ALTER TABLE public.auth_user_groups ALTER COLUMN id ADD GENERATED BY DEFAULT AS IDENTITY (
    SEQUENCE NAME public.auth_user_groups_id_seq
    START WITH 1
    INCREMENT BY 1
    NO MINVALUE
    NO MAXVALUE
    CACHE 1
);


--
-- Name: auth_user_id_seq; Type: SEQUENCE; Schema: public; Owner: yoonlee
--

ALTER TABLE public.auth_user ALTER COLUMN id ADD GENERATED BY DEFAULT AS IDENTITY (
    SEQUENCE NAME public.auth_user_id_seq
    START WITH 1
    INCREMENT BY 1
    NO MINVALUE
    NO MAXVALUE
    CACHE 1
);


--
-- Name: auth_user_user_permissions; Type: TABLE; Schema: public; Owner: yoonlee
--

CREATE TABLE public.auth_user_user_permissions (
    id integer NOT NULL,
    user_id integer NOT NULL,
    permission_id integer NOT NULL
);


ALTER TABLE public.auth_user_user_permissions OWNER TO yoonlee;

--
-- Name: auth_user_user_permissions_id_seq; Type: SEQUENCE; Schema: public; Owner: yoonlee
--

ALTER TABLE public.auth_user_user_permissions ALTER COLUMN id ADD GENERATED BY DEFAULT AS IDENTITY (
    SEQUENCE NAME public.auth_user_user_permissions_id_seq
    START WITH 1
    INCREMENT BY 1
    NO MINVALUE
    NO MAXVALUE
    CACHE 1
);


--
-- Name: blog_post; Type: TABLE; Schema: public; Owner: yoonlee
--

CREATE TABLE public.blog_post (
    id integer NOT NULL,
    message text NOT NULL,
    photo character varying(100) NOT NULL,
    created_at timestamp with time zone NOT NULL,
    updated_at timestamp with time zone NOT NULL
);


ALTER TABLE public.blog_post OWNER TO yoonlee;

--
-- Name: blog_post_id_seq; Type: SEQUENCE; Schema: public; Owner: yoonlee
--

ALTER TABLE public.blog_post ALTER COLUMN id ADD GENERATED BY DEFAULT AS IDENTITY (
    SEQUENCE NAME public.blog_post_id_seq
    START WITH 1
    INCREMENT BY 1
    NO MINVALUE
    NO MAXVALUE
    CACHE 1
);


--
-- Name: django_admin_log; Type: TABLE; Schema: public; Owner: yoonlee
--

CREATE TABLE public.django_admin_log (
    id integer NOT NULL,
    action_time timestamp with time zone NOT NULL,
    object_id text,
    object_repr character varying(200) NOT NULL,
    action_flag smallint NOT NULL,
    change_message text NOT NULL,
    content_type_id integer,
    user_id integer NOT NULL,
    CONSTRAINT django_admin_log_action_flag_check CHECK ((action_flag >= 0))
);


ALTER TABLE public.django_admin_log OWNER TO yoonlee;

--
-- Name: django_admin_log_id_seq; Type: SEQUENCE; Schema: public; Owner: yoonlee
--

ALTER TABLE public.django_admin_log ALTER COLUMN id ADD GENERATED BY DEFAULT AS IDENTITY (
    SEQUENCE NAME public.django_admin_log_id_seq
    START WITH 1
    INCREMENT BY 1
    NO MINVALUE
    NO MAXVALUE
    CACHE 1
);


--
-- Name: django_content_type; Type: TABLE; Schema: public; Owner: yoonlee
--

CREATE TABLE public.django_content_type (
    id integer NOT NULL,
    app_label character varying(100) NOT NULL,
    model character varying(100) NOT NULL
);


ALTER TABLE public.django_content_type OWNER TO yoonlee;

--
-- Name: django_content_type_id_seq; Type: SEQUENCE; Schema: public; Owner: yoonlee
--

ALTER TABLE public.django_content_type ALTER COLUMN id ADD GENERATED BY DEFAULT AS IDENTITY (
    SEQUENCE NAME public.django_content_type_id_seq
    START WITH 1
    INCREMENT BY 1
    NO MINVALUE
    NO MAXVALUE
    CACHE 1
);


--
-- Name: django_migrations; Type: TABLE; Schema: public; Owner: yoonlee
--

CREATE TABLE public.django_migrations (
    id integer NOT NULL,
    app character varying(255) NOT NULL,
    name character varying(255) NOT NULL,
    applied timestamp with time zone NOT NULL
);


ALTER TABLE public.django_migrations OWNER TO yoonlee;

--
-- Name: django_migrations_id_seq; Type: SEQUENCE; Schema: public; Owner: yoonlee
--

ALTER TABLE public.django_migrations ALTER COLUMN id ADD GENERATED BY DEFAULT AS IDENTITY (
    SEQUENCE NAME public.django_migrations_id_seq
    START WITH 1
    INCREMENT BY 1
    NO MINVALUE
    NO MAXVALUE
    CACHE 1
);


--
-- Name: django_session; Type: TABLE; Schema: public; Owner: yoonlee
--

CREATE TABLE public.django_session (
    session_key character varying(40) NOT NULL,
    session_data text NOT NULL,
    expire_date timestamp with time zone NOT NULL
);


ALTER TABLE public.django_session OWNER TO yoonlee;

--
-- Name: uploader_diagnosis; Type: TABLE; Schema: public; Owner: yoonlee
--

CREATE TABLE public.uploader_diagnosis (
    id integer NOT NULL,
    pet_id integer,
    petresult text NOT NULL,
    petresultper text NOT NULL,
    diagday timestamp with time zone NOT NULL,
    status text NOT NULL,
    photo character varying(100) NOT NULL,
    created_at timestamp with time zone NOT NULL,
    updated_at timestamp with time zone NOT NULL
);


ALTER TABLE public.uploader_diagnosis OWNER TO yoonlee;

--
-- Name: uploader_diagnosis_id_seq; Type: SEQUENCE; Schema: public; Owner: yoonlee
--

ALTER TABLE public.uploader_diagnosis ALTER COLUMN id ADD GENERATED BY DEFAULT AS IDENTITY (
    SEQUENCE NAME public.uploader_diagnosis_id_seq
    START WITH 1
    INCREMENT BY 1
    NO MINVALUE
    NO MAXVALUE
    CACHE 1
);


--
-- Name: uploader_pet; Type: TABLE; Schema: public; Owner: yoonlee
--

CREATE TABLE public.uploader_pet (
    id integer NOT NULL,
    user_id integer,
    petname text NOT NULL,
    petage text NOT NULL,
    petgender text NOT NULL,
    petcomment text NOT NULL,
    status text NOT NULL,
    created_at timestamp with time zone NOT NULL,
    updated_at timestamp with time zone NOT NULL
);


ALTER TABLE public.uploader_pet OWNER TO yoonlee;

--
-- Name: uploader_pet_id_seq; Type: SEQUENCE; Schema: public; Owner: yoonlee
--

ALTER TABLE public.uploader_pet ALTER COLUMN id ADD GENERATED BY DEFAULT AS IDENTITY (
    SEQUENCE NAME public.uploader_pet_id_seq
    START WITH 1
    INCREMENT BY 1
    NO MINVALUE
    NO MAXVALUE
    CACHE 1
);


--
-- Name: uploader_upload; Type: TABLE; Schema: public; Owner: yoonlee
--

CREATE TABLE public.uploader_upload (
    id integer NOT NULL,
    photo character varying(100) NOT NULL,
    created_at timestamp with time zone NOT NULL,
    updated_at timestamp with time zone NOT NULL
);


ALTER TABLE public.uploader_upload OWNER TO yoonlee;

--
-- Name: uploader_upload_id_seq; Type: SEQUENCE; Schema: public; Owner: yoonlee
--

ALTER TABLE public.uploader_upload ALTER COLUMN id ADD GENERATED BY DEFAULT AS IDENTITY (
    SEQUENCE NAME public.uploader_upload_id_seq
    START WITH 1
    INCREMENT BY 1
    NO MINVALUE
    NO MAXVALUE
    CACHE 1
);


--
-- Name: uploader_user; Type: TABLE; Schema: public; Owner: yoonlee
--

CREATE TABLE public.uploader_user (
    id integer NOT NULL,
    phone text NOT NULL,
    email text NOT NULL,
    users_id text NOT NULL,
    users_password text NOT NULL,
    created_at timestamp with time zone NOT NULL,
    updated_at timestamp with time zone NOT NULL
);


ALTER TABLE public.uploader_user OWNER TO yoonlee;

--
-- Name: uploader_user_id_seq; Type: SEQUENCE; Schema: public; Owner: yoonlee
--

ALTER TABLE public.uploader_user ALTER COLUMN id ADD GENERATED BY DEFAULT AS IDENTITY (
    SEQUENCE NAME public.uploader_user_id_seq
    START WITH 1
    INCREMENT BY 1
    NO MINVALUE
    NO MAXVALUE
    CACHE 1
);


--
-- Data for Name: auth_group; Type: TABLE DATA; Schema: public; Owner: yoonlee
--

COPY public.auth_group (id, name) FROM stdin;
\.


--
-- Data for Name: auth_group_permissions; Type: TABLE DATA; Schema: public; Owner: yoonlee
--

COPY public.auth_group_permissions (id, group_id, permission_id) FROM stdin;
\.


--
-- Data for Name: auth_permission; Type: TABLE DATA; Schema: public; Owner: yoonlee
--

COPY public.auth_permission (id, name, content_type_id, codename) FROM stdin;
1	Can add log entry	1	add_logentry
2	Can change log entry	1	change_logentry
3	Can delete log entry	1	delete_logentry
4	Can view log entry	1	view_logentry
5	Can add permission	2	add_permission
6	Can change permission	2	change_permission
7	Can delete permission	2	delete_permission
8	Can view permission	2	view_permission
9	Can add group	3	add_group
10	Can change group	3	change_group
11	Can delete group	3	delete_group
12	Can view group	3	view_group
13	Can add user	4	add_user
14	Can change user	4	change_user
15	Can delete user	4	delete_user
16	Can view user	4	view_user
17	Can add content type	5	add_contenttype
18	Can change content type	5	change_contenttype
19	Can delete content type	5	delete_contenttype
20	Can view content type	5	view_contenttype
21	Can add session	6	add_session
22	Can change session	6	change_session
23	Can delete session	6	delete_session
24	Can view session	6	view_session
25	Can add post	7	add_post
26	Can change post	7	change_post
27	Can delete post	7	delete_post
28	Can view post	7	view_post
29	Can add user	8	add_user
30	Can change user	8	change_user
31	Can delete user	8	delete_user
32	Can view user	8	view_user
33	Can add pet	9	add_pet
34	Can change pet	9	change_pet
35	Can delete pet	9	delete_pet
36	Can view pet	9	view_pet
37	Can add diagnosis	10	add_diagnosis
38	Can change diagnosis	10	change_diagnosis
39	Can delete diagnosis	10	delete_diagnosis
40	Can view diagnosis	10	view_diagnosis
41	Can add upload	11	add_upload
42	Can change upload	11	change_upload
43	Can delete upload	11	delete_upload
44	Can view upload	11	view_upload
\.


--
-- Data for Name: auth_user; Type: TABLE DATA; Schema: public; Owner: yoonlee
--

COPY public.auth_user (id, password, last_login, is_superuser, username, first_name, last_name, email, is_staff, is_active, date_joined) FROM stdin;
\.


--
-- Data for Name: auth_user_groups; Type: TABLE DATA; Schema: public; Owner: yoonlee
--

COPY public.auth_user_groups (id, user_id, group_id) FROM stdin;
\.


--
-- Data for Name: auth_user_user_permissions; Type: TABLE DATA; Schema: public; Owner: yoonlee
--

COPY public.auth_user_user_permissions (id, user_id, permission_id) FROM stdin;
\.


--
-- Data for Name: blog_post; Type: TABLE DATA; Schema: public; Owner: yoonlee
--

COPY public.blog_post (id, message, photo, created_at, updated_at) FROM stdin;
\.


--
-- Data for Name: django_admin_log; Type: TABLE DATA; Schema: public; Owner: yoonlee
--

COPY public.django_admin_log (id, action_time, object_id, object_repr, action_flag, change_message, content_type_id, user_id) FROM stdin;
\.


--
-- Data for Name: django_content_type; Type: TABLE DATA; Schema: public; Owner: yoonlee
--

COPY public.django_content_type (id, app_label, model) FROM stdin;
1	admin	logentry
2	auth	permission
3	auth	group
4	auth	user
5	contenttypes	contenttype
6	sessions	session
7	blog	post
8	uploader	user
9	uploader	pet
10	uploader	diagnosis
11	uploader	upload
\.


--
-- Data for Name: django_migrations; Type: TABLE DATA; Schema: public; Owner: yoonlee
--

COPY public.django_migrations (id, app, name, applied) FROM stdin;
1	contenttypes	0001_initial	2023-07-14 23:01:27.090896+09
2	auth	0001_initial	2023-07-14 23:01:27.225633+09
3	admin	0001_initial	2023-07-14 23:01:27.276281+09
4	admin	0002_logentry_remove_auto_add	2023-07-14 23:01:27.282476+09
5	admin	0003_logentry_add_action_flag_choices	2023-07-14 23:01:27.288744+09
6	contenttypes	0002_remove_content_type_name	2023-07-14 23:01:27.303896+09
7	auth	0002_alter_permission_name_max_length	2023-07-14 23:01:27.33257+09
8	auth	0003_alter_user_email_max_length	2023-07-14 23:01:27.340592+09
9	auth	0004_alter_user_username_opts	2023-07-14 23:01:27.347584+09
10	auth	0005_alter_user_last_login_null	2023-07-14 23:01:27.357944+09
11	auth	0006_require_contenttypes_0002	2023-07-14 23:01:27.360208+09
12	auth	0007_alter_validators_add_error_messages	2023-07-14 23:01:27.392971+09
13	auth	0008_alter_user_username_max_length	2023-07-14 23:01:27.400725+09
14	auth	0009_alter_user_last_name_max_length	2023-07-14 23:01:27.408106+09
15	auth	0010_alter_group_name_max_length	2023-07-14 23:01:27.415286+09
16	auth	0011_update_proxy_permissions	2023-07-14 23:01:27.423502+09
17	auth	0012_alter_user_first_name_max_length	2023-07-14 23:01:27.429624+09
18	sessions	0001_initial	2023-07-14 23:01:27.436527+09
\.


--
-- Data for Name: django_session; Type: TABLE DATA; Schema: public; Owner: yoonlee
--

COPY public.django_session (session_key, session_data, expire_date) FROM stdin;
\.


--
-- Data for Name: uploader_diagnosis; Type: TABLE DATA; Schema: public; Owner: yoonlee
--

COPY public.uploader_diagnosis (id, pet_id, petresult, petresultper, diagday, status, photo, created_at, updated_at) FROM stdin;
1	1	sick	0.95	2023-07-14 23:29:09.387584+09	sick		2023-07-14 23:29:09.387676+09	2023-07-14 23:29:09.38769+09
\.


--
-- Data for Name: uploader_pet; Type: TABLE DATA; Schema: public; Owner: yoonlee
--

COPY public.uploader_pet (id, user_id, petname, petage, petgender, petcomment, status, created_at, updated_at) FROM stdin;
1	1	dog	3	male	건강함	heal	2023-07-14 23:29:05.089896+09	2023-07-14 23:29:05.089988+09
\.


--
-- Data for Name: uploader_upload; Type: TABLE DATA; Schema: public; Owner: yoonlee
--

COPY public.uploader_upload (id, photo, created_at, updated_at) FROM stdin;
\.


--
-- Data for Name: uploader_user; Type: TABLE DATA; Schema: public; Owner: yoonlee
--

COPY public.uploader_user (id, phone, email, users_id, users_password, created_at, updated_at) FROM stdin;
1	2222	0000@naver.com	0004	0000	2023-07-14 23:16:50.400071+09	2023-07-14 23:16:50.400138+09
\.


--
-- Name: auth_group_id_seq; Type: SEQUENCE SET; Schema: public; Owner: yoonlee
--

SELECT pg_catalog.setval('public.auth_group_id_seq', 1, false);


--
-- Name: auth_group_permissions_id_seq; Type: SEQUENCE SET; Schema: public; Owner: yoonlee
--

SELECT pg_catalog.setval('public.auth_group_permissions_id_seq', 1, false);


--
-- Name: auth_permission_id_seq; Type: SEQUENCE SET; Schema: public; Owner: yoonlee
--

SELECT pg_catalog.setval('public.auth_permission_id_seq', 44, true);


--
-- Name: auth_user_groups_id_seq; Type: SEQUENCE SET; Schema: public; Owner: yoonlee
--

SELECT pg_catalog.setval('public.auth_user_groups_id_seq', 1, false);


--
-- Name: auth_user_id_seq; Type: SEQUENCE SET; Schema: public; Owner: yoonlee
--

SELECT pg_catalog.setval('public.auth_user_id_seq', 1, false);


--
-- Name: auth_user_user_permissions_id_seq; Type: SEQUENCE SET; Schema: public; Owner: yoonlee
--

SELECT pg_catalog.setval('public.auth_user_user_permissions_id_seq', 1, false);


--
-- Name: blog_post_id_seq; Type: SEQUENCE SET; Schema: public; Owner: yoonlee
--

SELECT pg_catalog.setval('public.blog_post_id_seq', 1, false);


--
-- Name: django_admin_log_id_seq; Type: SEQUENCE SET; Schema: public; Owner: yoonlee
--

SELECT pg_catalog.setval('public.django_admin_log_id_seq', 1, false);


--
-- Name: django_content_type_id_seq; Type: SEQUENCE SET; Schema: public; Owner: yoonlee
--

SELECT pg_catalog.setval('public.django_content_type_id_seq', 11, true);


--
-- Name: django_migrations_id_seq; Type: SEQUENCE SET; Schema: public; Owner: yoonlee
--

SELECT pg_catalog.setval('public.django_migrations_id_seq', 18, true);


--
-- Name: uploader_diagnosis_id_seq; Type: SEQUENCE SET; Schema: public; Owner: yoonlee
--

SELECT pg_catalog.setval('public.uploader_diagnosis_id_seq', 1, true);


--
-- Name: uploader_pet_id_seq; Type: SEQUENCE SET; Schema: public; Owner: yoonlee
--

SELECT pg_catalog.setval('public.uploader_pet_id_seq', 6, true);


--
-- Name: uploader_upload_id_seq; Type: SEQUENCE SET; Schema: public; Owner: yoonlee
--

SELECT pg_catalog.setval('public.uploader_upload_id_seq', 1, false);


--
-- Name: uploader_user_id_seq; Type: SEQUENCE SET; Schema: public; Owner: yoonlee
--

SELECT pg_catalog.setval('public.uploader_user_id_seq', 1, true);


--
-- Name: auth_group auth_group_name_key; Type: CONSTRAINT; Schema: public; Owner: yoonlee
--

ALTER TABLE ONLY public.auth_group
    ADD CONSTRAINT auth_group_name_key UNIQUE (name);


--
-- Name: auth_group_permissions auth_group_permissions_group_id_permission_id_0cd325b0_uniq; Type: CONSTRAINT; Schema: public; Owner: yoonlee
--

ALTER TABLE ONLY public.auth_group_permissions
    ADD CONSTRAINT auth_group_permissions_group_id_permission_id_0cd325b0_uniq UNIQUE (group_id, permission_id);


--
-- Name: auth_group_permissions auth_group_permissions_pkey; Type: CONSTRAINT; Schema: public; Owner: yoonlee
--

ALTER TABLE ONLY public.auth_group_permissions
    ADD CONSTRAINT auth_group_permissions_pkey PRIMARY KEY (id);


--
-- Name: auth_group auth_group_pkey; Type: CONSTRAINT; Schema: public; Owner: yoonlee
--

ALTER TABLE ONLY public.auth_group
    ADD CONSTRAINT auth_group_pkey PRIMARY KEY (id);


--
-- Name: auth_permission auth_permission_content_type_id_codename_01ab375a_uniq; Type: CONSTRAINT; Schema: public; Owner: yoonlee
--

ALTER TABLE ONLY public.auth_permission
    ADD CONSTRAINT auth_permission_content_type_id_codename_01ab375a_uniq UNIQUE (content_type_id, codename);


--
-- Name: auth_permission auth_permission_pkey; Type: CONSTRAINT; Schema: public; Owner: yoonlee
--

ALTER TABLE ONLY public.auth_permission
    ADD CONSTRAINT auth_permission_pkey PRIMARY KEY (id);


--
-- Name: auth_user_groups auth_user_groups_pkey; Type: CONSTRAINT; Schema: public; Owner: yoonlee
--

ALTER TABLE ONLY public.auth_user_groups
    ADD CONSTRAINT auth_user_groups_pkey PRIMARY KEY (id);


--
-- Name: auth_user_groups auth_user_groups_user_id_group_id_94350c0c_uniq; Type: CONSTRAINT; Schema: public; Owner: yoonlee
--

ALTER TABLE ONLY public.auth_user_groups
    ADD CONSTRAINT auth_user_groups_user_id_group_id_94350c0c_uniq UNIQUE (user_id, group_id);


--
-- Name: auth_user auth_user_pkey; Type: CONSTRAINT; Schema: public; Owner: yoonlee
--

ALTER TABLE ONLY public.auth_user
    ADD CONSTRAINT auth_user_pkey PRIMARY KEY (id);


--
-- Name: auth_user_user_permissions auth_user_user_permissions_pkey; Type: CONSTRAINT; Schema: public; Owner: yoonlee
--

ALTER TABLE ONLY public.auth_user_user_permissions
    ADD CONSTRAINT auth_user_user_permissions_pkey PRIMARY KEY (id);


--
-- Name: auth_user_user_permissions auth_user_user_permissions_user_id_permission_id_14a6b632_uniq; Type: CONSTRAINT; Schema: public; Owner: yoonlee
--

ALTER TABLE ONLY public.auth_user_user_permissions
    ADD CONSTRAINT auth_user_user_permissions_user_id_permission_id_14a6b632_uniq UNIQUE (user_id, permission_id);


--
-- Name: auth_user auth_user_username_key; Type: CONSTRAINT; Schema: public; Owner: yoonlee
--

ALTER TABLE ONLY public.auth_user
    ADD CONSTRAINT auth_user_username_key UNIQUE (username);


--
-- Name: blog_post blog_post_pkey; Type: CONSTRAINT; Schema: public; Owner: yoonlee
--

ALTER TABLE ONLY public.blog_post
    ADD CONSTRAINT blog_post_pkey PRIMARY KEY (id);


--
-- Name: django_admin_log django_admin_log_pkey; Type: CONSTRAINT; Schema: public; Owner: yoonlee
--

ALTER TABLE ONLY public.django_admin_log
    ADD CONSTRAINT django_admin_log_pkey PRIMARY KEY (id);


--
-- Name: django_content_type django_content_type_app_label_model_76bd3d3b_uniq; Type: CONSTRAINT; Schema: public; Owner: yoonlee
--

ALTER TABLE ONLY public.django_content_type
    ADD CONSTRAINT django_content_type_app_label_model_76bd3d3b_uniq UNIQUE (app_label, model);


--
-- Name: django_content_type django_content_type_pkey; Type: CONSTRAINT; Schema: public; Owner: yoonlee
--

ALTER TABLE ONLY public.django_content_type
    ADD CONSTRAINT django_content_type_pkey PRIMARY KEY (id);


--
-- Name: django_migrations django_migrations_pkey; Type: CONSTRAINT; Schema: public; Owner: yoonlee
--

ALTER TABLE ONLY public.django_migrations
    ADD CONSTRAINT django_migrations_pkey PRIMARY KEY (id);


--
-- Name: django_session django_session_pkey; Type: CONSTRAINT; Schema: public; Owner: yoonlee
--

ALTER TABLE ONLY public.django_session
    ADD CONSTRAINT django_session_pkey PRIMARY KEY (session_key);


--
-- Name: uploader_diagnosis uploader_diagnosis_pkey; Type: CONSTRAINT; Schema: public; Owner: yoonlee
--

ALTER TABLE ONLY public.uploader_diagnosis
    ADD CONSTRAINT uploader_diagnosis_pkey PRIMARY KEY (id);


--
-- Name: uploader_pet uploader_pet_petname_key; Type: CONSTRAINT; Schema: public; Owner: yoonlee
--

ALTER TABLE ONLY public.uploader_pet
    ADD CONSTRAINT uploader_pet_petname_key UNIQUE (petname);


--
-- Name: uploader_pet uploader_pet_pkey; Type: CONSTRAINT; Schema: public; Owner: yoonlee
--

ALTER TABLE ONLY public.uploader_pet
    ADD CONSTRAINT uploader_pet_pkey PRIMARY KEY (id);


--
-- Name: uploader_upload uploader_upload_pkey; Type: CONSTRAINT; Schema: public; Owner: yoonlee
--

ALTER TABLE ONLY public.uploader_upload
    ADD CONSTRAINT uploader_upload_pkey PRIMARY KEY (id);


--
-- Name: uploader_user uploader_user_pkey; Type: CONSTRAINT; Schema: public; Owner: yoonlee
--

ALTER TABLE ONLY public.uploader_user
    ADD CONSTRAINT uploader_user_pkey PRIMARY KEY (id);


--
-- Name: auth_group_name_a6ea08ec_like; Type: INDEX; Schema: public; Owner: yoonlee
--

CREATE INDEX auth_group_name_a6ea08ec_like ON public.auth_group USING btree (name varchar_pattern_ops);


--
-- Name: auth_group_permissions_group_id_b120cbf9; Type: INDEX; Schema: public; Owner: yoonlee
--

CREATE INDEX auth_group_permissions_group_id_b120cbf9 ON public.auth_group_permissions USING btree (group_id);


--
-- Name: auth_group_permissions_permission_id_84c5c92e; Type: INDEX; Schema: public; Owner: yoonlee
--

CREATE INDEX auth_group_permissions_permission_id_84c5c92e ON public.auth_group_permissions USING btree (permission_id);


--
-- Name: auth_permission_content_type_id_2f476e4b; Type: INDEX; Schema: public; Owner: yoonlee
--

CREATE INDEX auth_permission_content_type_id_2f476e4b ON public.auth_permission USING btree (content_type_id);


--
-- Name: auth_user_groups_group_id_97559544; Type: INDEX; Schema: public; Owner: yoonlee
--

CREATE INDEX auth_user_groups_group_id_97559544 ON public.auth_user_groups USING btree (group_id);


--
-- Name: auth_user_groups_user_id_6a12ed8b; Type: INDEX; Schema: public; Owner: yoonlee
--

CREATE INDEX auth_user_groups_user_id_6a12ed8b ON public.auth_user_groups USING btree (user_id);


--
-- Name: auth_user_user_permissions_permission_id_1fbb5f2c; Type: INDEX; Schema: public; Owner: yoonlee
--

CREATE INDEX auth_user_user_permissions_permission_id_1fbb5f2c ON public.auth_user_user_permissions USING btree (permission_id);


--
-- Name: auth_user_user_permissions_user_id_a95ead1b; Type: INDEX; Schema: public; Owner: yoonlee
--

CREATE INDEX auth_user_user_permissions_user_id_a95ead1b ON public.auth_user_user_permissions USING btree (user_id);


--
-- Name: auth_user_username_6821ab7c_like; Type: INDEX; Schema: public; Owner: yoonlee
--

CREATE INDEX auth_user_username_6821ab7c_like ON public.auth_user USING btree (username varchar_pattern_ops);


--
-- Name: django_admin_log_content_type_id_c4bce8eb; Type: INDEX; Schema: public; Owner: yoonlee
--

CREATE INDEX django_admin_log_content_type_id_c4bce8eb ON public.django_admin_log USING btree (content_type_id);


--
-- Name: django_admin_log_user_id_c564eba6; Type: INDEX; Schema: public; Owner: yoonlee
--

CREATE INDEX django_admin_log_user_id_c564eba6 ON public.django_admin_log USING btree (user_id);


--
-- Name: django_session_expire_date_a5c62663; Type: INDEX; Schema: public; Owner: yoonlee
--

CREATE INDEX django_session_expire_date_a5c62663 ON public.django_session USING btree (expire_date);


--
-- Name: django_session_session_key_c0390e0f_like; Type: INDEX; Schema: public; Owner: yoonlee
--

CREATE INDEX django_session_session_key_c0390e0f_like ON public.django_session USING btree (session_key varchar_pattern_ops);


--
-- Name: uploader_diagnosis_pet_id_9b67ac7c; Type: INDEX; Schema: public; Owner: yoonlee
--

CREATE INDEX uploader_diagnosis_pet_id_9b67ac7c ON public.uploader_diagnosis USING btree (pet_id);


--
-- Name: uploader_pet_petname_c136cda7_like; Type: INDEX; Schema: public; Owner: yoonlee
--

CREATE INDEX uploader_pet_petname_c136cda7_like ON public.uploader_pet USING btree (petname text_pattern_ops);


--
-- Name: uploader_pet_user_id_31a8d679; Type: INDEX; Schema: public; Owner: yoonlee
--

CREATE INDEX uploader_pet_user_id_31a8d679 ON public.uploader_pet USING btree (user_id);


--
-- Name: auth_group_permissions auth_group_permissio_permission_id_84c5c92e_fk_auth_perm; Type: FK CONSTRAINT; Schema: public; Owner: yoonlee
--

ALTER TABLE ONLY public.auth_group_permissions
    ADD CONSTRAINT auth_group_permissio_permission_id_84c5c92e_fk_auth_perm FOREIGN KEY (permission_id) REFERENCES public.auth_permission(id) DEFERRABLE INITIALLY DEFERRED;


--
-- Name: auth_group_permissions auth_group_permissions_group_id_b120cbf9_fk_auth_group_id; Type: FK CONSTRAINT; Schema: public; Owner: yoonlee
--

ALTER TABLE ONLY public.auth_group_permissions
    ADD CONSTRAINT auth_group_permissions_group_id_b120cbf9_fk_auth_group_id FOREIGN KEY (group_id) REFERENCES public.auth_group(id) DEFERRABLE INITIALLY DEFERRED;


--
-- Name: auth_permission auth_permission_content_type_id_2f476e4b_fk_django_co; Type: FK CONSTRAINT; Schema: public; Owner: yoonlee
--

ALTER TABLE ONLY public.auth_permission
    ADD CONSTRAINT auth_permission_content_type_id_2f476e4b_fk_django_co FOREIGN KEY (content_type_id) REFERENCES public.django_content_type(id) DEFERRABLE INITIALLY DEFERRED;


--
-- Name: auth_user_groups auth_user_groups_group_id_97559544_fk_auth_group_id; Type: FK CONSTRAINT; Schema: public; Owner: yoonlee
--

ALTER TABLE ONLY public.auth_user_groups
    ADD CONSTRAINT auth_user_groups_group_id_97559544_fk_auth_group_id FOREIGN KEY (group_id) REFERENCES public.auth_group(id) DEFERRABLE INITIALLY DEFERRED;


--
-- Name: auth_user_groups auth_user_groups_user_id_6a12ed8b_fk_auth_user_id; Type: FK CONSTRAINT; Schema: public; Owner: yoonlee
--

ALTER TABLE ONLY public.auth_user_groups
    ADD CONSTRAINT auth_user_groups_user_id_6a12ed8b_fk_auth_user_id FOREIGN KEY (user_id) REFERENCES public.auth_user(id) DEFERRABLE INITIALLY DEFERRED;


--
-- Name: auth_user_user_permissions auth_user_user_permi_permission_id_1fbb5f2c_fk_auth_perm; Type: FK CONSTRAINT; Schema: public; Owner: yoonlee
--

ALTER TABLE ONLY public.auth_user_user_permissions
    ADD CONSTRAINT auth_user_user_permi_permission_id_1fbb5f2c_fk_auth_perm FOREIGN KEY (permission_id) REFERENCES public.auth_permission(id) DEFERRABLE INITIALLY DEFERRED;


--
-- Name: auth_user_user_permissions auth_user_user_permissions_user_id_a95ead1b_fk_auth_user_id; Type: FK CONSTRAINT; Schema: public; Owner: yoonlee
--

ALTER TABLE ONLY public.auth_user_user_permissions
    ADD CONSTRAINT auth_user_user_permissions_user_id_a95ead1b_fk_auth_user_id FOREIGN KEY (user_id) REFERENCES public.auth_user(id) DEFERRABLE INITIALLY DEFERRED;


--
-- Name: django_admin_log django_admin_log_content_type_id_c4bce8eb_fk_django_co; Type: FK CONSTRAINT; Schema: public; Owner: yoonlee
--

ALTER TABLE ONLY public.django_admin_log
    ADD CONSTRAINT django_admin_log_content_type_id_c4bce8eb_fk_django_co FOREIGN KEY (content_type_id) REFERENCES public.django_content_type(id) DEFERRABLE INITIALLY DEFERRED;


--
-- Name: django_admin_log django_admin_log_user_id_c564eba6_fk_auth_user_id; Type: FK CONSTRAINT; Schema: public; Owner: yoonlee
--

ALTER TABLE ONLY public.django_admin_log
    ADD CONSTRAINT django_admin_log_user_id_c564eba6_fk_auth_user_id FOREIGN KEY (user_id) REFERENCES public.auth_user(id) DEFERRABLE INITIALLY DEFERRED;


--
-- Name: uploader_diagnosis uploader_diagnosis_pet_id_9b67ac7c_fk_uploader_pet_id; Type: FK CONSTRAINT; Schema: public; Owner: yoonlee
--

ALTER TABLE ONLY public.uploader_diagnosis
    ADD CONSTRAINT uploader_diagnosis_pet_id_9b67ac7c_fk_uploader_pet_id FOREIGN KEY (pet_id) REFERENCES public.uploader_pet(id) DEFERRABLE INITIALLY DEFERRED;


--
-- Name: uploader_pet uploader_pet_user_id_31a8d679_fk_uploader_user_id; Type: FK CONSTRAINT; Schema: public; Owner: yoonlee
--

ALTER TABLE ONLY public.uploader_pet
    ADD CONSTRAINT uploader_pet_user_id_31a8d679_fk_uploader_user_id FOREIGN KEY (user_id) REFERENCES public.uploader_user(id) DEFERRABLE INITIALLY DEFERRED;


--
-- PostgreSQL database dump complete
--

